                  epoch,         train/box_loss,         train/cls_loss,         train/dfl_loss,   metrics/precision(B),      metrics/recall(B),       metrics/mAP50(B),    metrics/mAP50-95(B),           val/box_loss,           val/cls_loss,           val/dfl_loss,                 lr/pg0,                 lr/pg1,                 lr/pg2
                      1,                 2.2116,                 2.2891,                 1.3456,                0.50833,                0.46822,                 0.5056,                0.21489,                  2.012,                 1.8042,                  1.331,               0.070022,              0.0033309,              0.0033309
                      2,                 2.1264,                 1.8526,                 1.3021,                0.47491,                0.54726,                0.59739,                0.24285,                 2.0186,                 1.8037,                 1.3022,                0.04002,              0.0066626,              0.0066626
                      3,                 2.0364,                  1.672,                 1.2643,                0.53067,                0.56684,                0.59331,                0.24895,                 1.9497,                 1.5887,                 1.2716,               0.010012,              0.0099878,              0.0099878
                      4,                  1.992,                  1.575,                 1.2428,                0.66497,                0.46129,                 0.5944,                0.24633,                 2.0128,                 1.6313,                 1.2898,               0.009978,               0.009978,               0.009978
                      5,                 1.9699,                 1.5117,                 1.2419,                0.69378,                0.66129,                0.74889,                0.34141,                 1.8475,                 1.3208,                 1.2245,               0.009978,               0.009978,               0.009978
                      6,                 1.9229,                 1.4337,                 1.2191,                0.73964,                0.65685,                0.73859,                0.33702,                 1.8284,                 1.3138,                 1.2199,               0.009961,               0.009961,               0.009961
                      7,                 1.8977,                 1.3554,                  1.207,                0.76198,                0.69177,                0.77732,                0.36824,                  1.782,                 1.1861,                 1.2048,              0.0099391,              0.0099391,              0.0099391
                      8,                 1.9104,                 1.3365,                 1.2104,                0.82738,                0.73505,                0.82156,                0.38637,                 1.8323,                 1.1013,                 1.2168,              0.0099123,              0.0099123,              0.0099123
                      9,                 1.8573,                 1.2612,                 1.1853,                0.80946,                0.76112,                0.82056,                0.37912,                 1.8122,                 1.0784,                 1.2092,              0.0098808,              0.0098808,              0.0098808
                     10,                 1.8245,                  1.211,                 1.1711,                0.80968,                0.76334,                 0.8435,                 0.4007,                  1.782,                 1.0353,                 1.1975,              0.0098445,              0.0098445,              0.0098445
                     11,                 1.8238,                 1.1925,                 1.1779,                0.78088,                0.77479,                0.83871,                0.38773,                 1.8043,                 1.0446,                 1.2093,              0.0098035,              0.0098035,              0.0098035
                     12,                 1.8238,                 1.1879,                 1.1717,                0.81064,                0.74269,                0.83518,                0.39343,                 1.7993,                 1.0534,                 1.2034,              0.0097577,              0.0097577,              0.0097577
                     13,                 1.7912,                 1.1453,                 1.1642,                0.83322,                0.75285,                0.85103,                0.40413,                 1.7637,                 1.0184,                 1.1938,              0.0097074,              0.0097074,              0.0097074
                     14,                 1.8064,                 1.1592,                 1.1657,                0.81539,                0.76075,                0.85258,                0.41537,                 1.7567,                 1.0214,                 1.1867,              0.0096524,              0.0096524,              0.0096524
                     15,                 1.7716,                 1.1023,                 1.1577,                 0.8725,                0.82771,                0.89055,                0.44253,                 1.7144,                0.93384,                   1.17,              0.0095929,              0.0095929,              0.0095929
                     16,                 1.7697,                 1.0882,                  1.154,                0.83107,                0.82397,                0.87306,                0.43124,                 1.7353,                0.95321,                 1.1775,              0.0095289,              0.0095289,              0.0095289
                     17,                 1.7541,                 1.0864,                 1.1493,                0.83814,                0.80229,                0.87399,                0.43888,                 1.6922,                0.94272,                 1.1644,              0.0094605,              0.0094605,              0.0094605
                     18,                 1.7536,                 1.0857,                 1.1479,                0.85315,                 0.7938,                0.87012,                0.42999,                 1.7066,                 0.9571,                  1.168,              0.0093877,              0.0093877,              0.0093877
                     19,                 1.7402,                 1.0422,                 1.1406,                 0.8793,                0.83794,                0.89854,                0.44115,                 1.7325,                0.89624,                 1.1737,              0.0093107,              0.0093107,              0.0093107
                     20,                 1.7368,                 1.0303,                 1.1389,                0.85753,                0.84116,                0.90012,                0.45449,                 1.6704,                0.89609,                 1.1536,              0.0092294,              0.0092294,              0.0092294
                     21,                 1.7207,                 1.0129,                 1.1374,                0.86851,                0.82815,                0.89425,                0.44486,                 1.6943,                0.92404,                 1.1642,               0.009144,               0.009144,               0.009144
                     22,                  1.715,                 1.0073,                 1.1326,                0.88693,                0.80198,                0.88501,                  0.439,                 1.7139,                0.90502,                  1.168,              0.0090546,              0.0090546,              0.0090546
                     23,                 1.7027,                0.99524,                 1.1288,                 0.8968,                0.82877,                0.90428,                0.45646,                 1.6945,                0.88552,                 1.1598,              0.0089613,              0.0089613,              0.0089613
                     24,                 1.7078,                0.99448,                 1.1325,                0.89928,                0.84091,                0.91167,                0.44954,                 1.7042,                0.86347,                 1.1628,               0.008864,               0.008864,               0.008864
                     25,                 1.6996,                0.98105,                 1.1282,                0.87353,                0.84785,                0.89719,                0.45473,                 1.6744,                0.87042,                 1.1533,               0.008763,               0.008763,               0.008763
                     26,                 1.6813,                0.95014,                  1.121,                 0.9063,                0.84907,                0.91287,                0.47204,                 1.6519,                0.84365,                 1.1459,              0.0086584,              0.0086584,              0.0086584
                     27,                 1.6792,                0.94656,                 1.1244,                0.89616,                0.86486,                0.91849,                0.46723,                 1.6534,                 0.8373,                 1.1477,              0.0085502,              0.0085502,              0.0085502
                     28,                  1.675,                0.93602,                 1.1177,                0.89219,                0.86057,                0.91857,                0.47021,                 1.6716,                0.82907,                 1.1524,              0.0084385,              0.0084385,              0.0084385
                     29,                 1.6657,                0.93272,                 1.1139,                0.88299,                0.86987,                0.92264,                0.47723,                 1.6447,                0.83538,                 1.1433,              0.0083235,              0.0083235,              0.0083235
                     30,                 1.6629,                0.91403,                 1.1161,                 0.8831,                0.86666,                0.91143,                0.46927,                 1.6291,                0.84011,                  1.139,              0.0082052,              0.0082052,              0.0082052
                     31,                 1.6505,                0.91976,                 1.1178,                0.90915,                  0.875,                0.92806,                0.48289,                  1.622,                0.80536,                 1.1327,              0.0080839,              0.0080839,              0.0080839
                     32,                 1.6566,                0.90571,                 1.1141,                0.90058,                0.85523,                0.91638,                0.46485,                 1.6562,                0.81522,                 1.1474,              0.0079595,              0.0079595,              0.0079595
                     33,                 1.6314,                0.88755,                 1.1024,                0.90304,                0.87134,                0.92438,                0.47828,                 1.6589,                0.80344,                 1.1494,              0.0078323,              0.0078323,              0.0078323
                     34,                 1.6487,                0.89409,                 1.1059,                0.82953,                0.77657,                0.86514,                0.40429,                 1.7987,                 0.9106,                 1.2077,              0.0077023,              0.0077023,              0.0077023
                     35,                 1.6305,                0.87482,                  1.104,                0.89761,                0.85434,                0.91728,                 0.4734,                 1.6562,                0.80934,                 1.1441,              0.0075698,              0.0075698,              0.0075698
                     36,                 1.6187,                0.87558,                 1.0986,                0.90603,                0.87331,                0.92852,                 0.4861,                 1.6115,                0.78997,                 1.1296,              0.0074347,              0.0074347,              0.0074347
                     37,                 1.6171,                0.86181,                  1.091,                0.90159,                0.88641,                0.92286,                 0.4828,                 1.6194,                0.77203,                 1.1346,              0.0072973,              0.0072973,              0.0072973
                     38,                 1.6063,                0.86342,                  1.091,                0.91005,                0.87513,                0.92202,                0.47257,                 1.6406,                0.78178,                 1.1334,              0.0071576,              0.0071576,              0.0071576
                     39,                 1.6121,                0.85047,                 1.0963,                0.91777,                0.88367,                0.93209,                0.49275,                 1.5986,                0.76892,                 1.1252,              0.0070159,              0.0070159,              0.0070159
                     40,                 1.6098,                0.85266,                 1.0999,                0.91006,                0.87641,                0.92769,                0.49049,                   1.61,                0.77171,                 1.1282,              0.0068722,              0.0068722,              0.0068722
                     41,                 1.6054,                0.84852,                 1.0906,                0.89352,                0.88418,                0.92459,                0.47974,                 1.6319,                0.77531,                  1.137,              0.0067268,              0.0067268,              0.0067268
                     42,                 1.5933,                 0.8423,                 1.0878,                0.91631,                0.87631,                0.92971,                0.49396,                 1.6098,                0.75761,                 1.1291,              0.0065796,              0.0065796,              0.0065796
                     43,                 1.5905,                0.82878,                 1.0877,                0.91144,                0.89689,                0.93486,                0.49936,                 1.5905,                0.74367,                 1.1222,               0.006431,               0.006431,               0.006431
                     44,                 1.5851,                 0.8297,                 1.0832,                0.92274,                0.87583,                0.92875,                0.48365,                 1.6126,                0.76033,                 1.1274,               0.006281,               0.006281,               0.006281
                     45,                 1.5784,                0.81884,                  1.088,                0.91181,                0.89289,                0.92831,                0.49646,                  1.588,                0.74736,                 1.1213,              0.0061298,              0.0061298,              0.0061298
                     46,                 1.5753,                0.82355,                 1.0862,                0.90786,                0.89127,                0.93257,                0.49291,                 1.6074,                0.74351,                 1.1231,              0.0059775,              0.0059775,              0.0059775
                     47,                 1.5794,                0.81025,                 1.0932,                0.91422,                0.89559,                 0.9376,                0.49844,                 1.5859,                0.73508,                  1.122,              0.0058244,              0.0058244,              0.0058244
                     48,                 1.5579,                0.80763,                 1.0809,                0.92029,                0.89853,                0.93423,                0.50635,                 1.5787,                 0.7311,                 1.1157,              0.0056704,              0.0056704,              0.0056704
                     49,                 1.5618,                 0.7999,                 1.0781,                0.92689,                  0.893,                0.93835,                0.50853,                 1.5594,                0.72625,                 1.1088,              0.0055158,              0.0055158,              0.0055158
                     50,                 1.5612,                0.79952,                 1.0773,                0.93211,                0.90125,                0.94423,                0.50768,                 1.5748,                0.71835,                 1.1146,              0.0053608,              0.0053608,              0.0053608
                     51,                 1.5408,                0.78531,                 1.0696,                0.91818,                 0.8932,                0.93705,                0.49834,                 1.5891,                0.72937,                 1.1213,              0.0052055,              0.0052055,              0.0052055
                     52,                 1.5456,                0.78323,                 1.0709,                0.92581,                0.90378,                0.94124,                0.51099,                 1.5531,                0.71936,                 1.1071,                0.00505,                0.00505,                0.00505
                     53,                 1.5599,                0.79201,                 1.0773,                0.91735,                0.89779,                0.93796,                0.49218,                 1.6035,                0.73437,                 1.1205,              0.0048945,              0.0048945,              0.0048945
                     54,                 1.5319,                0.77689,                 1.0719,                0.92844,                0.91025,                0.94517,                0.51277,                 1.5477,                0.70875,                 1.1043,              0.0047392,              0.0047392,              0.0047392
                     55,                 1.5354,                0.77322,                 1.0704,                0.92703,                0.90672,                0.94616,                0.51718,                 1.5472,                0.70838,                 1.1044,              0.0045842,              0.0045842,              0.0045842
                     56,                 1.5255,                0.77306,                 1.0655,                0.92864,                0.90737,                0.94037,                0.50329,                 1.5677,                0.71138,                 1.1108,              0.0044296,              0.0044296,              0.0044296
                     57,                 1.5234,                0.76097,                 1.0628,                0.93084,                0.90489,                0.94385,                0.51176,                 1.5546,                0.71117,                 1.1056,              0.0042756,              0.0042756,              0.0042756
                     58,                 1.5227,                0.76971,                  1.068,                0.92761,                0.90822,                0.94222,                0.50581,                 1.5648,                0.71317,                 1.1084,              0.0041225,              0.0041225,              0.0041225
                     59,                  1.527,                0.76556,                 1.0687,                0.92343,                0.90229,                0.93617,                0.50854,                 1.5603,                0.71046,                 1.1078,              0.0039702,              0.0039702,              0.0039702
                     60,                 1.5116,                 0.7515,                 1.0621,                0.93213,                 0.9081,                0.94332,                0.50858,                 1.5675,                0.70712,                 1.1081,               0.003819,               0.003819,               0.003819
                     61,                   1.51,                0.75136,                 1.0609,                0.93035,                0.90307,                0.94133,                0.50894,                 1.5564,                0.70514,                 1.1061,               0.003669,               0.003669,               0.003669
                     62,                  1.501,                0.74158,                 1.0629,                 0.9288,                0.90791,                0.93921,                0.51375,                 1.5594,                0.69399,                 1.1106,              0.0035204,              0.0035204,              0.0035204
                     63,                 1.4993,                0.74275,                 1.0613,                0.92789,                 0.9147,                0.94299,                0.51859,                 1.5434,                0.69609,                 1.1002,              0.0033732,              0.0033732,              0.0033732
                     64,                 1.4979,                0.73117,                 1.0583,                0.92794,                 0.9125,                0.94017,                0.51812,                 1.5408,                0.68784,                  1.102,              0.0032278,              0.0032278,              0.0032278
                     65,                 1.5005,                0.74558,                 1.0589,                0.92672,                 0.9099,                 0.9423,                0.51017,                 1.5508,                0.70011,                 1.1031,              0.0030841,              0.0030841,              0.0030841
                     66,                   1.49,                0.73744,                 1.0564,                0.92612,                0.91744,                0.94033,                0.51345,                 1.5465,                0.69277,                 1.1009,              0.0029424,              0.0029424,              0.0029424
                     67,                 1.4864,                0.72718,                 1.0504,                0.93607,                0.91155,                0.94379,                0.52398,                 1.5259,                0.68369,                 1.0955,              0.0028027,              0.0028027,              0.0028027
                     68,                 1.4821,                0.72946,                 1.0535,                0.93044,                0.91869,                0.94348,                0.51487,                 1.5436,                 0.6859,                 1.1007,              0.0026653,              0.0026653,              0.0026653
                     69,                 1.4812,                0.72452,                 1.0555,                0.93772,                0.92476,                0.94551,                0.52163,                 1.5326,                 0.6825,                 1.0984,              0.0025302,              0.0025302,              0.0025302
                     70,                 1.4635,                 0.7199,                 1.0493,                0.93467,                0.91494,                0.94526,                0.51618,                 1.5421,                0.68578,                 1.0997,              0.0023977,              0.0023977,              0.0023977
                     71,                 1.4686,                0.71389,                 1.0466,                0.92755,                0.92179,                0.94623,                0.51743,                 1.5343,                0.68617,                 1.0981,              0.0022677,              0.0022677,              0.0022677
                     72,                   1.46,                0.71069,                 1.0483,                0.92629,                0.92491,                 0.9443,                0.52394,                 1.5257,                0.67858,                 1.0961,              0.0021405,              0.0021405,              0.0021405
                     73,                 1.4673,                0.71103,                 1.0462,                0.92908,                0.92026,                0.94795,                0.52301,                  1.527,                0.68012,                 1.0954,              0.0020161,              0.0020161,              0.0020161
                     74,                 1.4562,                0.70526,                 1.0453,                0.93538,                0.92108,                0.94892,                 0.5231,                 1.5289,                 0.6793,                 1.0959,              0.0018948,              0.0018948,              0.0018948
                     75,                 1.4366,                0.70211,                 1.0403,                0.93186,                0.92269,                0.94719,                0.52127,                 1.5284,                0.67607,                 1.0963,              0.0017765,              0.0017765,              0.0017765
                     76,                 1.4493,                0.70276,                 1.0458,                0.92813,                0.92873,                0.94856,                0.52471,                 1.5287,                0.67249,                 1.0967,              0.0016615,              0.0016615,              0.0016615
                     77,                 1.4438,                0.70017,                 1.0412,                0.93634,                0.92341,                0.94843,                0.52772,                 1.5147,                  0.668,                 1.0922,              0.0015498,              0.0015498,              0.0015498
                     78,                  1.442,                0.69291,                 1.0382,                0.93345,                0.92337,                0.94899,                0.52581,                 1.5228,                0.67124,                  1.094,              0.0014416,              0.0014416,              0.0014416
                     79,                 1.4357,                0.68643,                 1.0369,                0.93263,                0.92308,                0.94905,                 0.5272,                   1.52,                0.67373,                 1.0933,               0.001337,               0.001337,               0.001337
                     80,                 1.4369,                 0.6924,                 1.0422,                 0.9316,                0.92625,                0.94802,                 0.5265,                 1.5187,                0.66973,                 1.0926,               0.001236,               0.001236,               0.001236
                     81,                 1.4338,                0.68869,                 1.0428,                0.93308,                0.92523,                 0.9498,                0.52693,                 1.5186,                0.67277,                 1.0924,              0.0011387,              0.0011387,              0.0011387
                     82,                 1.4253,                0.68733,                 1.0346,                0.93473,                 0.9268,                 0.9498,                0.52783,                 1.5176,                0.66934,                 1.0927,              0.0010454,              0.0010454,              0.0010454
                     83,                  1.433,                0.68002,                 1.0393,                0.93204,                0.92781,                0.94994,                 0.5283,                  1.519,                0.66636,                 1.0925,             0.00095595,             0.00095595,             0.00095595
                     84,                 1.4269,                0.68731,                 1.0319,                 0.9327,                0.92831,                0.94987,                0.52872,                 1.5192,                0.66288,                 1.0917,             0.00087058,             0.00087058,             0.00087058
                     85,                 1.4233,                0.68477,                  1.036,                0.93647,                0.92069,                 0.9493,                0.52536,                 1.5204,                0.66481,                 1.0928,             0.00078933,             0.00078933,             0.00078933
                     86,                 1.4291,                0.68277,                  1.038,                0.93367,                 0.9255,                0.94975,                0.53004,                 1.5141,                 0.6652,                 1.0909,             0.00071228,             0.00071228,             0.00071228
                     87,                 1.4152,                0.66719,                 1.0309,                0.93486,                 0.9272,                0.95018,                0.52945,                 1.5128,                0.66359,                 1.0905,             0.00063952,             0.00063952,             0.00063952
                     88,                 1.4177,                0.66904,                 1.0324,                0.93598,                0.92705,                0.95008,                0.53175,                  1.509,                0.66618,                 1.0893,             0.00057111,             0.00057111,             0.00057111
                     89,                 1.4181,                0.67539,                 1.0288,                0.93779,                0.92692,                0.95032,                0.53049,                 1.5097,                0.66292,                 1.0892,             0.00050711,             0.00050711,             0.00050711
                     90,                 1.4123,                0.67208,                 1.0329,                0.93704,                0.93141,                0.95282,                0.53264,                 1.5118,                0.66429,                 1.0895,             0.00044761,             0.00044761,             0.00044761
                     91,                 1.4684,                0.69255,                 1.0855,                0.93685,                0.91652,                0.94454,                0.51878,                 1.5348,                0.67921,                 1.1008,             0.00039264,             0.00039264,             0.00039264
                     92,                 1.4454,                0.65844,                   1.08,                0.93451,                0.92122,                0.94621,                0.52345,                 1.5258,                0.66998,                 1.0972,             0.00034227,             0.00034227,             0.00034227
                     93,                 1.4278,                0.65705,                 1.0746,                 0.9364,                0.91955,                0.94768,                 0.5239,                 1.5243,                0.66932,                 1.0961,             0.00029655,             0.00029655,             0.00029655
                     94,                 1.4253,                0.64953,                 1.0723,                0.93552,                0.91967,                0.94678,                0.52298,                  1.525,                0.66714,                 1.0966,             0.00025551,             0.00025551,             0.00025551
                     95,                 1.4262,                0.65435,                 1.0739,                0.93341,                0.92312,                0.94805,                0.52521,                 1.5202,                 0.6667,                 1.0951,             0.00021921,             0.00021921,             0.00021921
                     96,                 1.4279,                0.65027,                 1.0798,                0.93424,                0.92451,                0.94862,                0.52384,                 1.5235,                0.66747,                 1.0959,             0.00018768,             0.00018768,             0.00018768
                     97,                 1.4193,                0.64785,                 1.0668,                0.93561,                0.92373,                0.94896,                0.52376,                   1.52,                 0.6659,                 1.0952,             0.00016094,             0.00016094,             0.00016094
                     98,                 1.4106,                0.64036,                  1.068,                0.93235,                 0.9263,                0.94785,                 0.5254,                 1.5205,                0.66543,                 1.0954,             0.00013903,             0.00013903,             0.00013903
                     99,                 1.4138,                0.64553,                 1.0696,                0.93692,                0.92194,                0.94799,                0.52594,                 1.5207,                0.66604,                 1.0954,             0.00012197,             0.00012197,             0.00012197
                    100,                 1.4205,                 0.6452,                 1.0722,                0.93443,                0.92535,                0.94767,                0.52463,                 1.5208,                0.66591,                 1.0959,             0.00010977,             0.00010977,             0.00010977
